PUBLISHER,TITLE,GCIN,URL,PRICE
ABLAZE PUBLISHING,Cimmerian Xuthal Of The Dusk #1 (Of 3)(Cover A Chris Regnault),,,$4.99
ABLAZE PUBLISHING,Cimmerian Xuthal Of The Dusk #1 (Of 3)(Cover B Stevan Subic),,,$4.99
ABLAZE PUBLISHING,Cimmerian Xuthal Of The Dusk #1 (Of 3)(Cover C Blank Sketch Variant),,,$10.00
ABLAZE PUBLISHING,Cimmerian Xuthal Of The Dusk #1 (Of 3)(Cover D Chris Regnault Full Art Variant),,,AR
ABLAZE PUBLISHING,Cimmerian Xuthal Of The Dusk #1 (Of 3)(Cover E Chris Regnault Black & White Variant),,,AR
ABLAZE PUBLISHING,Cimmerian Xuthal Of The Dusk #1 (Of 3)(Cover F Blind Bag Variant),,,AR
ABLAZE PUBLISHING,Torpedo 1972 #5 (Of 6)(Cover A Leandro Fernandez),,,$3.99
ABLAZE PUBLISHING,Torpedo 1972 #5 (Of 6)(Cover C Fritz Casas Heat Homage Variant),,,$3.99
ABLAZE PUBLISHING,Torpedo 1972 #6 (Of 6)(Cover A Leandro Fernandez),,,$3.99
ABLAZE PUBLISHING,Torpedo 1972 #6 (Of 6)(Cover B Francesco Francavilla),,,$3.99
ABLAZE PUBLISHING,Torpedo 1972 #6 (Of 6)(Cover C Fritz Casas Scarface Homage Variant),,,$3.99
ABLAZE PUBLISHING,Torpedo 1972 #6 (Of 6)(Cover D Leandro Fernandez Full Art Variant),,,AR
ABLAZE PUBLISHING,Valhallaw #1 (Of 5)(Cover A Pedro R M Andreo),,,$4.99
ABLAZE PUBLISHING,Valhallaw #1 (Of 5)(Cover B Pedro R M Andreo Full Art Variant),,,AR
ABLAZE PUBLISHING,Valhallaw #1 (Of 5)(Cover C Pedro R M Andreo Black & White Variant),,,AR
ALIEN BOOKS,Gangrene #1 (Cover A Juan Gimenez),,,$12.99
ALIEN BOOKS,Zorro's Legacy #3 (Cover A Aaron Lopresti),,,$4.99
ALIEN BOOKS,Zorro's Legacy #3 (Cover B Colm Griffin),,,$4.99
ALIEN BOOKS,Zorro's Legacy #3 (Cover C Guillermo Fajardo),,,$4.99
ALIEN BOOKS,Zorro's Legacy #3 (Cover D Aaron Lopresti Black & White Variant),,,$4.99
AMERICAN MYTHOLOGY PRODUCTIONS,Beware The Witch's Shadow Monster Bash #1 (Cover A Puis Calzada),,,$4.99
AMERICAN MYTHOLOGY PRODUCTIONS,Beware The Witch's Shadow Monster Bash #1 (Cover B Dan Parsons),,,$4.99
AMERICAN MYTHOLOGY PRODUCTIONS,Beware The Witch's Shadow Monster Bash #1 (Cover C Puis Calzada Racy Variant),,,$9.99
AMERICAN MYTHOLOGY PRODUCTIONS,Beware The Witch's Shadow Monster Bash #1 (Cover D Dan Parsons Risque Variant),,,$9.99
AMERICAN MYTHOLOGY PRODUCTIONS,CursedVerse Resurrection #1 (Cover A Mark Sparacio),,,$4.99
AMERICAN MYTHOLOGY PRODUCTIONS,CursedVerse Resurrection #1 (Cover B Anthony Marques),,,$4.99
AMERICAN MYTHOLOGY PRODUCTIONS,CursedVerse Resurrection #1 (Cover C Dan Parsons),,,$4.99
AMERICAN MYTHOLOGY PRODUCTIONS,CursedVerse Resurrection #1 (Cover D Mark Sparacio),,,$4.99
AMERICAN MYTHOLOGY PRODUCTIONS,CursedVerse Resurrection #1 (Cover E Mark Sparacio Limited Black & White Variant),,,$9.99
AMERICAN MYTHOLOGY PRODUCTIONS,Dead Inspector #1 (Of 2)(Cover A Simone Guglielmini & Noelle Giddings),,,$4.99
AMERICAN MYTHOLOGY PRODUCTIONS,Dead Inspector #1 (Of 2)(Cover B Barry Orkin),,,$4.99
AMERICAN MYTHOLOGY PRODUCTIONS,Dead Inspector #1 (Of 2)(Cover C Simone Guglielmini),,,$9.99
AMERICAN MYTHOLOGY PRODUCTIONS,Fright Night The Witching Hour #2 (Of 2)(Cover A Roy Allan Martinez),,,$4.99
AMERICAN MYTHOLOGY PRODUCTIONS,Fright Night The Witching Hour #2 (Of 2)(Cover B Neil Vokes),,,$4.99
AMERICAN MYTHOLOGY PRODUCTIONS,Fright Night The Witching Hour #2 (Of 2)(Cover C Buz Hasson),,,$4.99
AMERICAN MYTHOLOGY PRODUCTIONS,Fright Night The Witching Hour #2 (Of 2)(Cover D Gabriel Mangum),,,$4.99
AMERICAN MYTHOLOGY PRODUCTIONS,Fright Night The Witching Hour #2 (Of 2)(Cover E Roy Allan Martinez Limited Black & White Variant),,,$9.99
ARCHIE COMICS PUBLICATIONS,Archie Jumbo Comic Magazine #2 Christmas Extravaganza (Cover A Bill Galvan/Ben Galvan/Rosario Tito Pena),,,$14.99
AVERY HILL PUBLISHING,I Love This Part 10th Anniversary Edition GN,,,$15.99
BAD IDEA,Banana Number One #1 (One Shot)(Cover I Michael Allred Fine Art Variant),,,AR
BAD IDEA,Tankers Lithograph,,,AR
BOOM! STUDIOS,A Confederacy Of Dunces A Graphic Novel Adaptation HC,,,$29.99
BOOM! STUDIOS,Gastronomique #2 (Cover A Helena Masellis),,,$4.99
BOOM! STUDIOS,Gastronomique #2 (Cover B Jules Mamone),,,$4.99
BOOM! STUDIOS,Gastronomique #2 (Cover C Tula Lotay Bagged NSFW Variant),,,$6.99
BOOM! STUDIOS,Gastronomique #2 (Cover D Jules Mamone Full Art Variant),,,AR
BOOM! STUDIOS,Gastronomique #2 (Cover E Christian Santiago Full Art Variant),,,AR
BOOM! STUDIOS,Gastronomique #2 (Cover F Molly Mendoza Full Art Variant),,,AR
BOOM! STUDIOS,Gastronomique #2 (Cover G Mirka Andolfo Reveal Variant),,,$4.99
BOOM! STUDIOS,Gastronomique #2 (Cover H Mirka Andolfo Reveal Full Art Variant),,,$4.99
BOOM! STUDIOS,Hello Darkness #25 (Cover A Rebeca Puebla),,,$5.99
BOOM! STUDIOS,Hello Darkness #25 (Cover B Jenny Frison Connecting Variant A),,,$5.99
BOOM! STUDIOS,Hello Darkness #25 (Cover C Jenny Frison Connecting Variant B),,,$5.99
BOOM! STUDIOS,Hello Darkness #25 (Cover D Joshua Hixson Black Bag Variant),,,$8.99
BOOM! STUDIOS,Hello Darkness #25 (Cover E Jenny Frison Wraparound Full Art Variant),,,AR
BOOM! STUDIOS,Hello Darkness #25 (Cover F Tyler Boss Blood Foil Variant),,,AR
BOOM! STUDIOS,Hello Darkness #25 (Cover G Jenny Frison Glow-In-The-Dark Variant),,,AR
BOOM! STUDIOS,Hello Darkness #25 (Cover H Paolo Rivera Full Art Variant),,,AR
BOOM! STUDIOS,Hello Darkness #25 (Cover I Tyler Boss Reveal Variant),,,$5.99
BOOM! STUDIOS,Hello Darkness #25 (Cover J Rebeca Puebla Full Art Variant),,,$5.99
BOOM! STUDIOS,Hellraiser Resurrections The Return Of The Priest #1 (Cover A Zach Howard),,,$4.99
BOOM! STUDIOS,Hellraiser Resurrections The Return Of The Priest #1 (Cover B Federico Sabbatini),,,$4.99
BOOM! STUDIOS,Hellraiser Resurrections The Return Of The Priest #1 (Cover C Red Blank Sketch Variant),,,$4.99
BOOM! STUDIOS,Hellraiser Resurrections The Return Of The Priest #1 (Cover D Federico Sabbatini Full Art Variant),,,AR
BOOM! STUDIOS,Hellraiser Resurrections The Return Of The Priest #1 (Cover E Christian Ward Full Art Variant),,,AR
BOOM! STUDIOS,Hellraiser Resurrections The Return Of The Priest #1 (Cover F Zach Howard Full Art Variant),,,$4.99
BOOM! STUDIOS,Hellraiser Resurrections The Return Of The Priest #1 (Cover G Ariel Olivetti Reveal Variant),,,$4.99
BOOM! STUDIOS,Mighty Morphin Power Rangers (2026) #4 (Cover A Balam),,,$4.99
BOOM! STUDIOS,Mighty Morphin Power Rangers (2026) #4 (Cover B Phillip Sevy),,,$4.99
BOOM! STUDIOS,Mighty Morphin Power Rangers (2026) #4 (Cover C Miguel Mercado Megazord Card Stock Connecting Variant),,,$5.99
BOOM! STUDIOS,Mighty Morphin Power Rangers (2026) #4 (Cover D Trading Card Blank Sketch Variant),,,$4.99
BOOM! STUDIOS,Mighty Morphin Power Rangers (2026) #4 (Cover E Balam Foil Full Art Variant),,,$6.99
BOOM! STUDIOS,Mighty Morphin Power Rangers (2026) #4 (Cover F Phillip Sevy Foil Full Art Variant),,,AR
BOOM! STUDIOS,Mighty Morphin Power Rangers (2026) #4 (Cover G Paulina Ganucheau Full Art Variant),,,AR
BOOM! STUDIOS,Mighty Morphin Power Rangers (2026) #4 (Cover H Balam Full Art Variant),,,AR
BOOM! STUDIOS,Mighty Morphin Power Rangers (2026) #4 (Cover I Marguerite Sauvage Full Art Variant),,,AR
BOOM! STUDIOS,Mighty Morphin Power Rangers (2026) #4 (Cover J Goni Montes Reveal Variant),,,$4.99
BOOM! STUDIOS,Mighty Morphin Power Rangers (2026) #4 (Cover K Goni Montes Reveal Full Art Variant),,,$4.99
CANDLEWICK PRESS,I Wish I Didn't Have To Tell You This A Graphic Memoir GN,,,$16.99
CANDLEWICK PRESS,I Wish I Didn't Have To Tell You This A Graphic Memoir HC,,,$22.99
CHARLESBRIDGE,Comic Strip Science Adventures Digging For Dinosaurs GN,,,$8.99
CHARLESBRIDGE,Comic Strip Science Adventures Digging For Dinosaurs HC,,,$17.99
CHARLESBRIDGE,Comic Strip Science Adventures Exploring Space GN,,,$8.99
CHARLESBRIDGE,Comic Strip Science Adventures Exploring Space HC,,,$17.99
CLOVER PRESS,Marvel Art Of Mike del  Mundo HC (Cover A Mike del  Mundo Book Market Wolverine Variant),,,$80.00
CLOVER PRESS,Marvel Art Of Mike del  Mundo HC (Cover B Mike del  Mundo Direct Market  Mystique Variant),,,$80.00
CLOVER PRESS,PINteractions The Brainrot Enamel Pin (Set Of 5),,,$24.99
CLOVER PRESS,PINteractions The I Understood That Reference Enamel Pin (Set Of 5),,,$24.99
CLOVER PRESS,PINteractions The Love Or Something Like It Enamel Pin (Set Of 5),,,$24.99
COSMIC LION PRODUCTION,Scoundrel #1 (One Shot),,,$5.00
CROWN,Fictional Selves A Memoir HC,,,$34.00
CSN PRESS,Comic Shop News #2041,,,AR
DARK HORSE BOOKS,EC Archives The Complete Piracy TP,,,$19.99
DARK HORSE BOOKS,Lavender Jack Volume 2 TP,,,$29.99
DARK HORSE BOOKS,Star Wars Galactic Tales Of Terror Library Edition HC,,,$59.99
DARK HORSE BOOKS,World Of Black Hammer Library Edition Volume 6 HC,,,$49.99
DARK HORSE COMICS,American Caper #11 (Of 12)(Cover A Tyler Boss),,,$4.99
DARK HORSE COMICS,American Caper #11 (Of 12)(Cover B Marguerite Sauvage),,,$4.99
DARK HORSE COMICS,Dark Horse Monthly Catalog October 2026,,,AR
DARK HORSE COMICS,Hillbilly The Treason Of Twelve-Toe Maggie #1 (Of 3)(Cover A Eric Powell),,,$5.99
DARK HORSE COMICS,Hillbilly The Treason Of Twelve-Toe Maggie #1 (Of 3)(Cover B Becky Cloonan),,,$5.99
DARK HORSE COMICS,Shift #1 (One Shot)(Cover A Mike del Mundo)(3W3M),,,$9.99
DARK HORSE COMICS,Skate Ali #4 (Of 5)(Cover A Natacha Bustos),,,$4.99
DARK HORSE COMICS,Smart Division #2 (Of 5)(Cover A John Pearson),,,$4.99
DARK HORSE COMICS,Smart Division #2 (Of 5)(Cover B James Stokoe),,,$4.99
DARK HORSE MANGA,Keep Your Hands Off Eizouken Volume 8 GN,,,$14.99
DC COMICS,Adventures Of Superman Book Of El #12 (Of 12)(Cover A Scott Godlewski),,,$3.99
DC COMICS,Adventures Of Superman Book Of El #12 (Of 12)(Cover B Lucio Parrillo Card Stock Variant),,,$4.99
DC COMICS,Adventures Of Superman Book Of El #12 (Of 12)(Cover C Kyuyong Eom Card Stock Variant),,,$4.99
DC COMICS,Batman By Neal Adams Absolute Edition Volume 1 1967-1970 HC,,,$100.00
DC COMICS,Batman Detective Comics By Ram V Omnibus HC,,,$150.00
DC COMICS,Batman Night Of The Owls Compendium TP,,,$59.99
DC COMICS,Batwoman Omnibus HC (2026 Edition),,,$125.00
DC COMICS,Bizarro Year None #3 (Of 4)(Cover A Nick Pitarra),,,$4.99
DC COMICS,Bizarro Year None #3 (Of 4)(Cover B Chris Burnham Card Stock Variant),,,$5.99
DC COMICS,Bizarro Year None #3 (Of 4)(Cover C Ibrahim Moustafa Card Stock Variant),,,$5.99
DC COMICS,Catwoman #91 (Cover E Dan Panosian Bad Seeds Spot Foil Variant)(Batman Bad Seeds),,,$6.99
DC COMICS,Dark Nights Metal TP (DC Compact Comics Edition),,,$9.99
DC COMICS,DC Reusable Bag  Superman/Absolute Superman,,,AR
DC COMICS,DC W.I.P. Watchmen #1 (Cover A Dave Gibbons),,,$14.99
DC COMICS,Injustice Gods Among Us Year One TP (DC Compact Comics Edition),,,$9.99
DC COMICS,Poison Ivy #48 (Cover A Jessica Fong)(Batman Bad Seeds),,,$3.99
DC COMICS,Poison Ivy #48 (Cover B Noobovich Card Stock Variant)(Batman Bad Seeds),,,$4.99
DC COMICS,Poison Ivy #48 (Cover C Dan Mora Card Stock Variant)(Batman Bad Seeds),,,$4.99
DC COMICS,Poison Ivy #48 (Cover D Manny Vincent Carbonilla Card Stock Variant)(Batman Bad Seeds),,,$4.99
DC COMICS,Poison Ivy #48 (Cover E Hayden Sherman Dark Knight Returns 40th Anniversary Card Stock Variant)(Batman Bad Seeds),,,$4.99
DC COMICS,Poison Ivy #48 (Cover F Alexander Lozano Bad Seeds Spot Foil Variant)(Batman Bad Seeds),,,$6.99
DC COMICS,Superman Kingdom Of Zod Special #1 (One Shot)(Cover A Dan Mora),,,$5.99
DC COMICS,Superman Kingdom Of Zod Special #1 (One Shot)(Cover B Kyuyong Eom Card Stock Variant),,,$6.99
DC COMICS,Superman Kingdom Of Zod Special #1 (One Shot)(Cover C Karen S. Darboe Card Stock Variant),,,$6.99
DC COMICS,Superman Kingdom Of Zod Special #1 (One Shot)(Cover D Nathan Szerdy Card Stock Variant),,,$6.99
DC COMICS,Superman The Man Of Steel By John Byrne Absolute Edition HC,,,$100.00
DC COMICS,Wonder Woman 2026 Annual Wonder War The Matriarch Special #1 (One Shot)(Cover A Daniel Sampere),,,$5.99
DC COMICS,Wonder Woman 2026 Annual Wonder War The Matriarch Special #1 (One Shot)(Cover B Kyuyong Eom Card Stock Variant),,,$6.99
DC COMICS,Wonder Woman 2026 Annual Wonder War The Matriarch Special #1 (One Shot)(Cover C Guillem March Card Stock Variant),,,$6.99
DC COMICS,Wonder Woman 2026 Annual Wonder War The Matriarch Special #1 (One Shot)(Cover D Lesley Leirix Li Card Stock Variant),,,$6.99
DC COMICS,Zatanna (2026) #6 (Cover A Jamal Campbell),,,$3.99
DC COMICS,Zatanna (2026) #6 (Cover B David Talaski Card Stock Variant),,,$4.99
DC COMICS,Zatanna (2026) #6 (Cover C Dike Ruan Card Stock Variant),,,$4.99
DC COMICS,Zatanna (2026) #6 (Cover D Chuma Hill Card Stock Variant),,,$4.99
DC COMICS/VERTIGO,Bleeding Hearts #8 (Cover A Stipan Morian),,,$3.99
DC COMICS/VERTIGO,Bleeding Hearts #8 (Cover B Martin Morazzo Card Stock Variant),,,$4.99
DEL REY,Emily Wilde's Encyclopaedia Of Faeries (Deluxe Edition),,,$38.00
DEVIL'S DUE STUDIOS,Run From The Sun #1 (Cover A Renan Shody),,,$5.55
DEVIL'S DUE STUDIOS,Run From The Sun #1 (Cover B Bruno Oliveira),,,$5.55
DEVIL'S DUE STUDIOS,Run From The Sun #1 (Cover C Maria Laura Sanapo),,,$5.55
DEVIL'S DUE STUDIOS,Run From The Sun #1 (Cover D Jason Shawn Alexander UV Spot Gloss Variant),,,AR
DISNEY HYPERION,All I Want For Christmas A Holiday Countdown HC,,,$12.99
DISNEY HYPERION,Heroes Of Olympus Volume 5 The Blood Of Olympus GN,,,$14.99
DISNEY HYPERION,Heroes Of Olympus Volume 5 The Blood Of Olympus HC,,,$24.99
DISNEY HYPERION,Percy Jackson 3-Book Graphic Novel Collection,,,$34.99
DISNEY HYPERION,Percy Jackson And The Olympians 5-Book Paperback Boxed Set (With Poster),,,$54.99
DK CHILDREN,Teenage Mutant Ninja Turtles Ultimate Sticker Collection SC,,,$14.99
DK PUBLISHING,Art Of Junji Ito Collection HC,,,$50.00
DYNAMIC FORCES,Absolute Wonder Woman #20 Variant Signed By Terry & Rachel Dodson,,,AR
DYNAMIC FORCES,Amazing Spider-Man #1 (Cover I Blank Variant) Blank Variant Signed By John Romita Sr. And Remarked By Ken Haeser With A Spider-Man Sketch,,,AR
DYNAMIC FORCES,Batman #50 Dynamic Forces Exclusive Variant Signed And Remarked By Ken Haeser With A Batman Head Sketch,,,AR
DYNAMIC FORCES,Feral #1 (Cover C Blank Variant) Signed And Remarked With A Silence Of The Lambs Homage Sketch By Jessica Court,,,AR
DYNAMIC FORCES,Invincible Returns Facsimile Edition #1 (Cover C Darwyn Cooke)(CGC Graded Edition),,,AR
DYNAMIC FORCES,Marvel Comics Commissioned Cover Art Four Piece Blank Variant Connecting Set Signed And Remarked By Mariano Nicieza And Joe Delbeato With A Classic Star Wars #1 Homage Sketch,,,AR
DYNAMIC FORCES,Marvel/DC Spider-Man/Superman #1 Marco Checchetto ComicXposure Exclusive Variant,,,AR
DYNAMIC FORCES,Marvel/DC Spider-Man/Superman #1 Red Blank Variant Signed And Remarked By Ken Haeser With A Spiderman/Superman Sketch,,,AR
DYNAMIC FORCES,Rocket Raccoon #1 Blank Variant Signed By Skottie Young And Remarked By Ken Haeser With A Rocket Sketch,,,AR
DYNAMIC FORCES,Ultimate Endgame #4 (Of 5) Signed By Terry & Rachel Dodson,,,AR
DYNAMITE ENTERTAINMENT,Ben 10 #5 (Cover F Robert Carey Metal Premium Variant),,,$100.00
DYNAMITE ENTERTAINMENT,Disney Tim Burton's The Nightmare Before Christmas The Shiver Of Christmas Town HC,,,$23.99
DYNAMITE ENTERTAINMENT,Fire And Ice #5 (Cover A Joseph Michael Linsner),,,$4.99
DYNAMITE ENTERTAINMENT,Fire And Ice #5 (Cover B Leonardo Manco),,,$4.99
DYNAMITE ENTERTAINMENT,Fire And Ice #5 (Cover C Ciruelo),,,$4.99
DYNAMITE ENTERTAINMENT,Fire And Ice #5 (Cover E Ciruelo Full Art Variant),,,AR
DYNAMITE ENTERTAINMENT,Fire And Ice #5 (Cover F Joseph Michael Linsner Line Art Variant),,,AR
DYNAMITE ENTERTAINMENT,Fire And Ice #5 (Cover G Leonardo Manco Full Art Variant),,,AR
DYNAMITE ENTERTAINMENT,Gargoyles Volume 2 #2 (Cover F Meghan Hetrick Full Art Variant),,,$50.00
DYNAMITE ENTERTAINMENT,Lion King #1 Covers W & X Sukesha Ray Trade & Full Art Dynamite Com Exclusive Set (Bundle Of 2),,,$70.00
DYNAMITE ENTERTAINMENT,Mumm-Ra The Ever-Living #1 (Cover R Declan Shalvey Signed By Larry Kenney Variant),,,AR
DYNAMITE ENTERTAINMENT,Red Sonja She-Devil With A Sword #5 (Cover F Lucio Parrillo Metal Premium Variant),,,$100.00
DYNAMITE ENTERTAINMENT,Space Ghost Vs. The Herculoids #1 (Cover H Francesco Mattina Full Art Variant),,,$50.00
DYNAMITE ENTERTAINMENT,Space Ghost Vs. The Herculoids #1 (Cover I Premium Mystery Blind Bag Variant),,,$19.99
DYNAMITE ENTERTAINMENT,Thundarr The Barbarian #2 Covers O & P Ito Trade & Full Art Dynamite Com Exclusive Set (Bundle Of 2),,,$70.00
DYNAMITE ENTERTAINMENT,ThunderCats Cheetara #1 (Cover I Premium Mystery Blind Bag Variant),,,$19.99
DYNAMITE ENTERTAINMENT,ThunderCats x SilverHawks #1 (Cover R Ben Oliver Signed By Larry Kenney Variant),,,AR
DYNAMITE ENTERTAINMENT,ThunderCats x SilverHawks ThunderHawks #1 (Cover R Ivan Tao Signed By Larry Kenney Variant),,,AR
DYNAMITE ENTERTAINMENT,Vampirella Volume 8 #5 (Cover F Lucio Parrillo Metal Premium Variant),,,$100.00
DYNAMITE ENTERTAINMENT,Vampirella x Witchblade Special #1 (One Shot)(Cover A Stjepan Sejic),,,$5.99
DYNAMITE ENTERTAINMENT,Vampirella x Witchblade Special #1 (One Shot)(Cover B Lucio Parrillo),,,$5.99
DYNAMITE ENTERTAINMENT,Vampirella x Witchblade Special #1 (One Shot)(Cover C Francesco Mattina),,,$5.99
DYNAMITE ENTERTAINMENT,Vampirella x Witchblade Special #1 (One Shot)(Cover D Joseph Michael Linsner),,,$5.99
DYNAMITE ENTERTAINMENT,Vampirella x Witchblade Special #1 (One Shot)(Cover E Carla Cohen),,,$5.99
DYNAMITE ENTERTAINMENT,Vampirella x Witchblade Special #1 (One Shot)(Cover F Blank Authentix Variant),,,$5.99
DYNAMITE ENTERTAINMENT,Vampirella x Witchblade Special #1 (One Shot)(Cover J Lucio Parrillo Line Art Variant),,,AR
DYNAMITE ENTERTAINMENT,Vampirella x Witchblade Special #1 (One Shot)(Cover K Joseph Michael Linsner Line Art Variant),,,AR
DYNAMITE ENTERTAINMENT,Vampirella x Witchblade Special #1 (One Shot)(Cover L Francesco Mattina Full Art Variant),,,AR
DYNAMITE ENTERTAINMENT,Vampirella x Witchblade Special #1 (One Shot)(Cover M Lucio Parrillo Full Art Variant),,,AR
DYNAMITE ENTERTAINMENT,Vampirella x Witchblade Special #1 (One Shot)(Cover N John Royle Trade Dress Variant),,,$5.99
DYNAMITE ENTERTAINMENT,Vampirella x Witchblade Special #1 (One Shot)(Cover O Francesco Mattina Foil Variant),,,$11.99
DYNAMITE ENTERTAINMENT,Vampirella x Witchblade Special #1 (One Shot)(Cover P Francesco Mattina Foil Full Art Variant),,,$29.99
DYNAMITE ENTERTAINMENT,Vampirella x Witchblade Special #1 (One Shot)(Cover Q John Royle Line Art Trade Dress Variant),,,AR
DYNAMITE ENTERTAINMENT,Vampirella x Witchblade Special #1 (One Shot)(Cover R John Royle Line Art Full Art Variant),,,AR
DYNAMITE ENTERTAINMENT,Vampirella x Witchblade Special #1 (One Shot)(Cover S John Royle Full Art Variant),,,AR
DYNAMITE ENTERTAINMENT,Vampirella x Witchblade Special #1 (One Shot)(Cover T Joseph Michael Linsner Line Art Full Art Variant),,,AR
FANTAGRAPHICS,Disney Afternoon Adventures Volume 7 Chip 'n' Dale Rescue Rangers Scheme The Impossible Dream And Other Stories HC,,,$34.99
FANTAGRAPHICS,Love And Understanding The Jazz Photography Of Don Schlitten HC,,,$49.99
FANTAGRAPHICS,Magnificent African Adventure The Perils Of Giuseppe Bergman TP,,,$24.99
FANTAGRAPHICS,Mess HC,,,$19.99
FANTAGRAPHICS,Peepshow HC,,,$49.99
FANTAGRAPHICS UNDERGROUND,Outsider GN,,,$25.00
G.P. PUTNAM'S SONS BOOKS FOR YOUNG READERS,Film Nerds GN,,,$13.99
G.P. PUTNAM'S SONS BOOKS FOR YOUNG READERS,Film Nerds HC,,,$24.99
GHOST SHIP,Parallel Paradise Volume 27 GN,,,$14.99
GOLDEN BOOKS,The Cat In The Hat Movie The Thing About Things A Little Golden Book HC,,,$6.99
HARPER VOYAGER,Wandering Inn Series Book One Part Two No Killing Goblins SC,,,$24.00
HARPERALLEY,Framed GN,,,$15.99
HARPERALLEY,Framed HC,,,$24.99
HERMES PRESS,Dark Shadows Noir Classic Black And White Photography From The Dan Curtis Productions Archive HC,,,$65.00
HOFFMAN INTERNATIONAL,Eyrie Magazine #13 (Cover A Mike Hoffman),,,$8.95
HOFFMAN INTERNATIONAL,Octavia Magazine #3 (Cover A Mike Hoffman),,,$8.95
HOLIDAY HOUSE,Pumpkin And Beetle Super Secret Garden HC,,,$12.99
HYPERION AVENUE,Long-Lived King An Original The Owl House Graphic Novel,,,$22.99
IDW DARK,Operation Iron Coffin #3 (Cover A Tyrell Cannon),,,$4.99
IDW DARK,Operation Iron Coffin #3 (Cover B Juan Ferreyra),,,$4.99
IDW DARK,Operation Iron Coffin #3 (Cover C Edison Neo Connecting Variant),,,AR
IDW PUBLISHING,Godzilla Poster Book SC,,,$19.99 
IDW PUBLISHING,Hello Kitty And Friends Hello World #2 (Cover A Paulina Ganucheau),,,$4.99
IDW PUBLISHING,Hello Kitty And Friends Hello World #2 (Cover B Yusra Shahid),,,$4.99
IDW PUBLISHING,Hello Kitty And Friends Hello World #2 (Cover C Ashley Cavan),,,AR
IDW PUBLISHING,IDW Monthly Title Catalog October 2026,,,AR
IDW PUBLISHING,Sonic The Hedgehog #90 (Cover A Natalie Haines),,,$4.99
IDW PUBLISHING,Sonic The Hedgehog #90 (Cover B Abby Bulmer),,,$4.99
IDW PUBLISHING,Sonic The Hedgehog #90 (Cover C Nathalie Fourdraine),,,AR
IDW PUBLISHING,Star Trek Lower Decks Volume 3 Second Second Contact TP,,,$19.99 
IDW PUBLISHING,Tales Of The Teenage Mutant Ninja Turtles Fugitoid Frenzy TP,,,$10.99 
IDW PUBLISHING,Teenage Mutant Ninja Turtles The Hunger #1 (One Shot)(Cover A Gavin Smith),,,$5.99
IDW PUBLISHING,Teenage Mutant Ninja Turtles The Hunger #1 (One Shot)(Cover B Dev Madan),,,$5.99
IDW PUBLISHING,Teenage Mutant Ninja Turtles The Hunger #1 (One Shot)(Cover C Chamba),,,$5.99
IDW PUBLISHING,Teenage Mutant Ninja Turtles The Hunger #1 (One Shot)(Cover D Igor Monti),,,AR
IDW PUBLISHING,Teenage Mutant Ninja Turtles The Hunger #1 (One Shot)(Cover E Isobel Rees),,,AR
IDW PUBLISHING,Teenage Mutant Ninja Turtles Turtle Power Pack Volume 4 TP,,,$8.99 
IGNITION PRESS,Bad Thoughts #4 (Cover A Dave Wachter),,,$4.99
IGNITION PRESS,Bad Thoughts #4 (Cover B Fernando Blanco),,,$4.99
IGNITION PRESS,Beauty (2025) #9 (Cover A Jeremy Haun),,,$4.99
IGNITION PRESS,Beauty (2025) #9 (Cover B Emanuela Lupacchino),,,$4.99
IMAGE COMICS,Badrock #3 (Cover A Seth Damoose),,,$3.99
IMAGE COMICS,Badrock #3 (Cover B Rob Liefeld),,,$3.99
IMAGE COMICS,Badrock #3 (Cover C Seth Damoose),,,$3.99
IMAGE COMICS,Badrock #3 (Cover D Rob Liefeld),,,$3.99
IMAGE COMICS,Badrock #3 (Cover E Rob Liefeld Witchblade Team-Up Variant),,,$3.99
IMAGE COMICS,Badrock #3 (Cover F Seth Damoose Bat Rock Variant),,,AR
IMAGE COMICS,Badrock #3 (Cover G Rob Liefeld & Stephen Platt),,,AR
IMAGE COMICS,Crowbound #1 (2nd Printing Cover A Dustin Nguyen),,,$3.99
IMAGE COMICS,Crowbound #1 (2nd Printing Cover B Dustin Nguyen),,,$3.99
IMAGE COMICS,Final Boss #10 (Cover A Tyler Kirkham),,,$3.99
IMAGE COMICS,Final Boss #10 (Cover B Isa Works),,,$3.99
IMAGE COMICS,Final Boss #10 (Cover C Derek Hunter),,,$3.99
IMAGE COMICS,Final Boss #10 (Cover D Tyler Kirkham Witchblade Team-Up Variant),,,$3.99
IMAGE COMICS,Final Boss #10 (Cover E Tyler Kirkham Black & White Full Art Variant),,,AR
IMAGE COMICS,Final Boss #10 (Cover F Derek Hunter Black & White Full Art Variant),,,AR
IMAGE COMICS,Final Boss #10 (Cover G Isa Works Full Art Variant),,,AR
IMAGE COMICS,Geiger #25 (Cover A Gary Frank & Brad Anderson),,,$5.99
IMAGE COMICS,Geiger #25 (Cover B Bryan Hitch & Brad Anderson Geiger #25 Anniversary Variant),,,$5.99
IMAGE COMICS,Geiger #25 (Cover C Tony Daniel & Leonardo Paciarotti Full Art Variant),,,$5.99
IMAGE COMICS,Geiger #25 (Cover D McFarlane Toys Action Figure Variant),,,$5.99
IMAGE COMICS,Geiger #25 (Cover E Blank Sketch Variant),,,$6.99
IMAGE COMICS,Geiger #25 (Cover F Gary Frank & Brad Anderson Witchblade Team-Up Variant),,,$5.99
IMAGE COMICS,Geiger #25 (Cover G Gary Frank & Brad Anderson),,,AR
IMAGE COMICS,Hammerfist #2 (Cover A Steve Epting),,,$3.99
IMAGE COMICS,Hammerfist #2 (Cover B Michael Kaluta),,,$3.99
IMAGE COMICS,Hammerfist #2 (Cover C Brett Parson Witchblade Team-Up Variant),,,$3.99
IMAGE COMICS,Hyde Street #13 (Cover A Ivan Reis & Danny Miki),,,$3.99
IMAGE COMICS,Hyde Street #13 (Cover B Francis Portella & Brad Anderson),,,$3.99
IMAGE COMICS,Hyde Street #13 (Cover C Ivan Reis & Danny Miki Witchblade Team-Up Variant),,,$3.99
IMAGE COMICS,Imaginary Fiends TP,,,$16.99
IMAGE COMICS,Invincible Universe Battle Beast #10 (3rd Printing Cover A Sid Kotian & Pressy),,,$3.99
IMAGE COMICS,Invincible Universe Battle Beast #11 (2nd Printing Cover A Jason Howard),,,$3.99
IMAGE COMICS,Invincible Universe Battle Beast #2 (6th Printing Cover A Valerio Giangiordano & Neeraj Menon),,,$3.99
IMAGE COMICS,Invincible Universe Battle Beast #3 (6th Printing Cover A Jerry Ordway & Alex Sinclair),,,$3.99
IMAGE COMICS,Invincible Universe Battle Beast #4 (6th Printing Cover A Ben Stenbeck),,,$3.99
IMAGE COMICS,Invincible Universe Battle Beast #6 (6th Printing Cover A Sid Kotian & Pressy),,,$3.99
IMAGE COMICS,Malevolent TP,,,$16.99
IMAGE COMICS,Rogue Sun Volume 6 TP (A Massive-Verse Book),,,$17.99
IMAGE COMICS,Spawn #379 (Cover A Aaron Campbell),,,$3.99
IMAGE COMICS,Spawn #379 (Cover B Kael Ngu),,,$3.99
IMAGE COMICS,Spawn #379 (Cover C Brett Booth Witchblade Team-Up Variant),,,$3.99
IMAGE COMICS,Terminal #1 (3rd Printing Cover A Mahmud Asrar & Dave McCaig),,,$4.99
IMAGE COMICS,Terminal #2 (2nd Printing Cover A Rick Leonardi & Neeraj Menon Activator Variant),,,$3.99
IMAGE COMICS,Terminal #2 (2nd Printing Cover B Rick Leonardi & Neeraj Menon The Awoken Variant),,,$3.99
IMAGE COMICS,Trillion Dollar Kid TP,,,$16.99
IMAGE COMICS,White Sky #6 (Cover A Jean Paul Mavinga),,,$3.99
IMAGE COMICS,White Sky #6 (Cover B Eliza Ivanova),,,$3.99
IMAGE COMICS,White Sky #6 (Cover C Jean Paul Mavinga Black & White Variant),,,$3.99
IMAGE COMICS,White Sky #6 (Cover D Eliza Ivanova Black & White Variant),,,$3.99
INSIGHT EDITIONS,Bookcessories Disney Tiny Book Of Beauty And The Beast HC,,,$19.99
INSIGHT EDITIONS,Bookcessories Disney Tiny Book Of Cinderella HC,,,$19.99
INSIGHT EDITIONS,Bookcessories Disney Tiny Book Of Lilo And Stitch HC,,,$19.99
INSIGHT EDITIONS,Bookcessories Disney Tiny Book Of Little Mermaid HC,,,$19.99
INSIGHT EDITIONS,Bookcessories Disney Tiny Book Of Moana HC,,,$19.99
INSIGHT EDITIONS,Bookcessories Disney Tiny Book Of Winnie The Pooh HC,,,$19.99
INSIGHT EDITIONS,Bookcessories Star Wars Tiny Book Of Grogu HC,,,$19.99
INSIGHT EDITIONS,Bookcessories Star Wars Tiny Book Of Jedi HC,,,$19.99
INSIGHT EDITIONS,Bookcessories Star Wars Tiny Book Of Sith HC,,,$19.99
INSIGHT EDITIONS,Survive The Night Dorm Of The Dead A Horrific Coloring Adventure SC,,,$14.99
IPI COMICS,Matron #3 (Of 6)(Cover A Monica Gallagher),,,$4.99
IRON AGE COMICS,Dead Head #8 (Of 12)(Cover A Gabriel Fonseca),,,$4.99
KEENSPOT ENTERTAINMENT,Lipstick Cliqa Deluxe Edition #2 (Of 3)(Cover A J. Selin Take The Throne Variant),,,$5.99
KEENSPOT ENTERTAINMENT,Lipstick Cliqa Deluxe Edition #2 (Of 3)(Cover B Marcelino Servicio),,,$5.99
KEENSPOT ENTERTAINMENT,Lipstick Cliqa Deluxe Edition #2 (Of 3)(Cover C J. Selin Nosebleed Variant),,,$5.99
KEENSPOT ENTERTAINMENT,Lipstick Cliqa Deluxe Edition #2 (Of 3)(Cover D Daryl Matthew David),,,$5.99
KEENSPOT ENTERTAINMENT,Mark Spears Monsters #1 (7th Printing Cover F Mark Spears Black White & Dead Edition Absolute Batman #1 Homage Metal Variant),,,AR
KODANSHA COMICS,Omega Megaera Volume 6 GN,,,$13.99
KODANSHA COMICS,That's Not Love Volume 3 GN,,,$13.99
KODANSHA COMICS,You Can't Bluff The Sharp-Eyed Sister Volume 5 GN,,,$13.99
LOVELOVE,Caught In Your Web GN,,,$14.99
LOVELOVE,My One-Sided Love Volume 1 GN,,,$14.99
MAD CAVE STUDIOS,Denver #2 (Of 3)(Cover A Amanda Conner),,,$4.99
MAD CAVE STUDIOS,Denver #2 (Of 3)(Cover B Pier Brito),,,$4.99
MAD CAVE STUDIOS,Denver #2 (Of 3)(Cover C Joseph Michael Linsner),,,$4.99
MAD CAVE STUDIOS,Denver #2 (Of 3)(Cover D Ben Caldwell),,,$4.99
MAD CAVE STUDIOS,Dick Tracy #20 (Cover A Geraldo Borges),,,$4.99
MAD CAVE STUDIOS,Dick Tracy #20 (Cover B Lee Weeks),,,$4.99
MAD CAVE STUDIOS,Gatchaman #21 (Cover A Chris Batista/Sabrina Cintron/Tom Chu),,,$4.99
MAD CAVE STUDIOS,Gatchaman #21 (Cover B Alessio Zonno),,,$4.99
MAD CAVE STUDIOS,Mister Nemo #3 (Cover A Duncan Rouleau),,,$4.99
MAD CAVE STUDIOS,Mister Nemo #3 (Cover B Alden Kaye),,,$4.99
MAD CAVE STUDIOS,Sunder #1 (Cover A Pierre-Alexandre Comtois),,,$6.99
MAD CAVE STUDIOS,Sunder #1 (Cover B Daniele Serra),,,$6.99
MAD CAVE STUDIOS,Sunder #1 (Cover C Christian Ward),,,$6.99
MAD CAVE STUDIOS,Sunder #1 (Cover D Christian Ward Foil Variant),,,$8.99
MAD CAVE STUDIOS,Sunder #1 (Cover E Blank Sketch Variant),,,$8.99
MARVEL COMICS,Alien Vs. X-Men #1 (Of 4)(Cover A Ryan Stegman),,,$5.99
MARVEL COMICS,Alien Vs. X-Men #1 (Of 4)(Cover B John Romita Jr. Foil Variant),,,$8.99
MARVEL COMICS,Alien Vs. X-Men #1 (Of 4)(Cover C Alan Quah Poster Homage Variant),,,$5.99
MARVEL COMICS,Alien Vs. X-Men #1 (Of 4)(Cover D Leinil Francis Yu),,,$5.99
MARVEL COMICS,Alien Vs. X-Men #1 (Of 4)(Cover E Bjorn Barends),,,$5.99
MARVEL COMICS,Alien Vs. X-Men #1 (Of 4)(Cover F Ivan Shavrin),,,AR
MARVEL COMICS,Alien Vs. X-Men #1 (Of 4)(Cover G Leinil Francis Yu Full Art Variant),,,AR
MARVEL COMICS,Amazing Spider-Man #1000 (Cover A1 John Romita Jr.),,,$9.99
MARVEL COMICS,Amazing Spider-Man #1000 (Cover A2 Pepe Larraz),,,$9.99
MARVEL COMICS,Amazing Spider-Man #1000 (Cover B Lee Bermejo Amazing Visions Variant),,,$9.99
MARVEL COMICS,Amazing Spider-Man #1000 (Cover C Ed McGuinness Foil Variant),,,$9.99
MARVEL COMICS,Amazing Spider-Man #1000 (Cover D J. Scott Campbell),,,$9.99
MARVEL COMICS,Amazing Spider-Man #1000 (Cover E Skottie Young),,,$9.99
MARVEL COMICS,Amazing Spider-Man #1000 (Cover F Marvel Tokon Fighting Souls Variant),,,$9.99
MARVEL COMICS,Amazing Spider-Man #1000 (Cover G Mr. Garcin),,,$9.99
MARVEL COMICS,Amazing Spider-Man #1000 (Cover H Steve Ditko),,,$9.99
MARVEL COMICS,Amazing Spider-Man #1000 (Cover I Peach Momoko & Frank Miller),,,$9.99
MARVEL COMICS,Amazing Spider-Man #1000 (Cover J Lee Bermejo Amazing Visions Full Art Variant),,,AR
MARVEL COMICS,Amazing Spider-Man #1000 (Cover K J. Scott Campbell Full Art Variant),,,AR
MARVEL COMICS,Amazing Spider-Man #1000 (Cover L Pepe Larraz),,,$9.99
MARVEL COMICS,Amazing Spider-Man #1000 (Cover M Mark Bagley),,,$9.99
MARVEL COMICS,Amazing Spider-Man #1000 (Cover N Marvel Studios Spider-Man Brand New Day Variant),,,$9.99
MARVEL COMICS,Amazing Spider-Man #1000 (Cover O Marvel Animation Spider-Man 1967 Wraparound Variant),,,$9.99
MARVEL COMICS,Amazing Spider-Man #1000 (Cover P Alex Ross),,,$9.99
MARVEL COMICS,Amazing Spider-Man #1000 (Cover Q Patrick Gleason Webhead Variant),,,$9.99
MARVEL COMICS,Amazing Spider-Man #1000 (Cover R Erik Larsen),,,AR
MARVEL COMICS,Amazing Spider-Man #1000 (Cover S Stuart Immonen),,,$9.99
MARVEL COMICS,Amazing Spider-Man #1000 (Cover T Steve Ditko Black & White Variant),,,AR
MARVEL COMICS,Amazing Spider-Man #1000 (Cover U Paco Medina Muppets Variant),,,$9.99
MARVEL COMICS,Amazing Spider-Man #1000 (Cover V Humberto Ramos),,,$9.99
MARVEL COMICS,Amazing Spider-Man #1000 (Cover W Marcos Martin),,,$9.99
MARVEL COMICS,Amazing Spider-Man #1000 (Cover X Todd Nauck 4-Part Connecting Legacy Variant),,,$9.99
MARVEL COMICS,Amazing Spider-Man #1000 (Cover Y John Romita Jr.),,,$9.99
MARVEL COMICS,Amazing Spider-Man #1000 (Cover Z Julian Totino Tedesco),,,$9.99
MARVEL COMICS,Amazing Spider-Man #1000 (Cover ZA Ryan Stegman Ravage Variant),,,$9.99
MARVEL COMICS,Amazing Spider-Man #1000 (Cover ZB Giuseppe Camuncoli),,,$9.99
MARVEL COMICS,Amazing Venom #1 (Of 5)(Cover A Stefano Caselli),,,$4.99
MARVEL COMICS,Amazing Venom #1 (Of 5)(Cover B Matteo Lolli Foil Variant),,,$7.99
MARVEL COMICS,Amazing Venom #1 (Of 5)(Cover C Erik Larsen Homage Variant),,,$4.99
MARVEL COMICS,Amazing Venom #1 (Of 5)(Cover D Ito),,,$4.99
MARVEL COMICS,Amazing Venom #1 (Of 5)(Cover E Luke Ross),,,$4.99
MARVEL COMICS,Amazing Venom #1 (Of 5)(Cover F Ryan Browne),,,$4.99
MARVEL COMICS,Amazing Venom #1 (Of 5)(Cover G Stephen Segovia),,,AR
MARVEL COMICS,Amazing Venom #1 (Of 5)(Cover H Ito Artist Full Art Variant),,,AR
MARVEL COMICS,Avengers Armageddon #2 (Of 5)(2nd Printing Cover A InHyuk Lee),,,$4.99
MARVEL COMICS,Avengers Armageddon #3 (Of 5)(2nd Printing Cover A Ario Anindito),,,$4.99
MARVEL COMICS,Captain America #12 (2nd Printing Cover A Cory Smith)(Armageddon),,,$4.99
MARVEL COMICS,Captain America #13 (2nd Printing Cover A Davide Paratore)(Armageddon),,,$4.99
MARVEL COMICS,Captain America #14 (2nd Printing Cover A David Yardin)(Armageddon),,,$4.99
MARVEL COMICS,DNX #2 (Of 5)(Cover A Kaare Andrews),,,$4.99
MARVEL COMICS,DNX #2 (Of 5)(Cover B Skottie Young DNX Collection Variant F),,,$4.99
MARVEL COMICS,DNX #2 (Of 5)(Cover C Federico Vicentini 5-Part Connecting Variant),,,$4.99
MARVEL COMICS,DNX #2 (Of 5)(Cover D Dike Ruan),,,$4.99
MARVEL COMICS,DNX #2 (Of 5)(Cover E Kaare Andrews Full Art Variant),,,$4.99
MARVEL COMICS,DNX #2 (Of 5)(Cover F Phil Noto),,,AR
MARVEL COMICS,DNX #2 (Of 5)(Cover G Tony Daniel),,,AR
MARVEL COMICS,Fantastic Four #17 (Cover A Humberto Ramos)(DNX),,,$4.99
MARVEL COMICS,Fantastic Four #17 (Cover B Alex Ross Timeless Full Art Variant)(DNX),,,$4.99
MARVEL COMICS,Fantastic Four #17 (Cover C Giuseppe Camuncoli Muppets Variant)(DNX),,,$4.99
MARVEL COMICS,Fantastic Four #17 (Cover D Alex Ross Timeless Full Art Sketch Variant)(DNX),,,AR
MARVEL COMICS,Fantastic Four #17 (Cover E Olivier Vatine)(DNX),,,AR
MARVEL COMICS,Fantastic Four First Foes Dragon Man #1 (Cover A Phil Noto),,,$4.99
MARVEL COMICS,Fantastic Four First Foes Dragon Man #1 (Cover B Miguel Mercado),,,$4.99
MARVEL COMICS,Fantastic Four First Foes Dragon Man #1 (Cover C Alan Davis),,,$4.99
MARVEL COMICS,Gambit Gone #1 (Of 5)(Cover E Russell Dauterman Full Art Variant),,,AR
MARVEL COMICS,Gambit Wanted #3 (Of 5)(Cover A Leinil Francis Yu),,,$4.99
MARVEL COMICS,Gambit Wanted #3 (Of 5)(Cover B Alessandro Cappuccio Fall Fantasies Variant),,,$4.99
MARVEL COMICS,Gambit Wanted #3 (Of 5)(Cover C Cory Smith),,,$4.99
MARVEL COMICS,Gambit Wanted #3 (Of 5)(Cover D Rickie Yagawa),,,AR
MARVEL COMICS,Godzilla Conquers The Multiverse #3 (Of 5)(Cover A David Marquez),,,$4.99
MARVEL COMICS,Godzilla Conquers The Multiverse #3 (Of 5)(Cover B Mark Bagley Heisei Vs. Marvel Variant),,,$4.99
MARVEL COMICS,Godzilla Conquers The Multiverse #3 (Of 5)(Cover C Scott Hepburn),,,$4.99
MARVEL COMICS,Godzilla Conquers The Multiverse #3 (Of 5)(Cover D Cory Smith),,,AR
MARVEL COMICS,Indiana Jones The Further Adventures Book I HC,,,$75.00
MARVEL COMICS,Indiana Jones The Further Adventures Book II HC,,,$75.00
MARVEL COMICS,Marvel Knights Punisher TP,,,$15.99
MARVEL COMICS,Marvel Mangaverse Web Of Destiny #1 (One Shot)(Cover A Yuji Kaku),,,$5.99
MARVEL COMICS,Marvel Mangaverse Web Of Destiny #1 (One Shot)(Cover B Kenny Ruiz),,,$5.99
MARVEL COMICS,Marvel Previews #61,,,AR
MARVEL COMICS,Miles Morales Spider-Man #1 (2nd Printing Cover A Pere Perez),,,$4.99
MARVEL COMICS,Miles Morales Spider-Man #1 (2nd Printing Cover B ACO Full Art Variant),,,AR
MARVEL COMICS,Predator Vs. The Planet Of The Apes #3 (Of 5)(Cover A Stonehouse),,,$4.99
MARVEL COMICS,Predator Vs. The Planet Of The Apes #3 (Of 5)(Cover B Josemaria Casanovas),,,$4.99
MARVEL COMICS,Predator Vs. The Planet Of The Apes #3 (Of 5)(Cover C Phil Noto),,,AR
MARVEL COMICS,Queen In Black #5 (Of 5)(Cover A Ryan Stegman)(Queen In Black),,,$4.99
MARVEL COMICS,Queen In Black #5 (Of 5)(Cover B Stonehouse)(Queen In Black),,,$4.99
MARVEL COMICS,Queen In Black #5 (Of 5)(Cover C Ben Oliver)(Queen In Black),,,$4.99
MARVEL COMICS,Queen In Black #5 (Of 5)(Cover D Ryan Stegman Homage Variant)(Queen In Black),,,AR
MARVEL COMICS,Queen In Black #5 (Of 5)(Cover E German Peralta)(Queen In Black),,,AR
MARVEL COMICS,Queen In Black Venom Unchained #3 (Of 3)(Cover A Leinil Francis Yu)(Queen In Black),,,$4.99
MARVEL COMICS,Queen In Black Venom Unchained #3 (Of 3)(Cover B Adam Pollina)(Queen In Black),,,$4.99
MARVEL COMICS,Sorcerer Supreme #10 (Cover A Lesley Leirix Li),,,$4.99
MARVEL COMICS,Sorcerer Supreme #10 (Cover B Russell Dauterman),,,$4.99
MARVEL COMICS,Spider-Man/Hulk Fire And Brimstone #1 (Of 5)(2nd Printing Cover A Marco Checchetto),,,$5.99
MARVEL COMICS,Spider-Man/Hulk Fire And Brimstone #1 (Of 5)(2nd Printing Cover B Skottie Young Full Art Variant),,,AR
MARVEL COMICS,Tomb Of Apocalypse #2 (Of 5)(Cover A Fabrizio De Tommaso),,,$4.99
MARVEL COMICS,Tomb Of Apocalypse #2 (Of 5)(Cover B Nogi San),,,$4.99
MARVEL COMICS,Tomb Of Apocalypse #2 (Of 5)(Cover C Farid Karami),,,AR
MARVEL COMICS,Ultimate Impact Reborn #5 (Of 5)(Cover A Leinil Francis Yu),,,$4.99
MARVEL COMICS,Ultimate Impact Reborn #5 (Of 5)(Cover B Dike Ruan),,,$4.99
MARVEL COMICS,Ultimate Impact Reborn #5 (Of 5)(Cover C Stefano Caselli),,,$4.99
MARVEL COMICS,Ultimate Impact Reborn #5 (Of 5)(Cover D Francesco Mobili),,,AR
MARVEL COMICS,Uncanny X-Men #36 (Cover A Luciano Vecchio),,,$4.99
MARVEL COMICS,Uncanny X-Men #36 (Cover B Juan Frigeri Fall Fantasies Variant),,,$4.99
MARVEL COMICS,Uncanny X-Men #36 (Cover C Benjamin Su Muppets Variant),,,$4.99
MARVEL COMICS,Uncanny X-Men #36 (Cover D David Lopez),,,$4.99
MARVEL COMICS,Uncanny X-Men #36 (Cover E Greg Land),,,AR
MARVEL COMICS,Venom #262 (Cover A Carlos Gomez)(Queen In Black),,,$4.99
MARVEL COMICS,Venom #262 (Cover B R.B. Silva Finale Variant)(Queen In Black),,,$4.99
MARVEL COMICS,Venom #262 (Cover C Amanda Conner)(Queen In Black),,,$4.99
MARVEL COMICS,Venom #262 (Cover D Ario Anindito)(Queen In Black),,,AR
MARVEL COMICS,Way Of X Omnibus HC (Cover A Giuseppe Camuncoli Book Market Variant),,,$100.00
MARVEL COMICS,Way Of X Omnibus HC (Cover B Tony Daniel Direct Market Variant),,,$100.00
MARVEL COMICS,X-Men #38 (Cover A Netho Diaz)(DNX),,,$4.99
MARVEL COMICS,X-Men #38 (Cover B Geoff Shaw Fall Fantasies Variant)(DNX),,,$4.99
MARVEL COMICS,X-Men #38 (Cover C Marvel Tokon Fighting Souls Variant)(DNX),,,$4.99
MARVEL COMICS,X-Men #38 (Cover D Marco Ferrari)(DNX),,,$4.99
MARVEL COMICS,X-Men #38 (Cover E Tony Daniel)(DNX),,,$4.99
MARVEL COMICS,X-Men #38 (Cover F Superlog)(DNX),,,AR
MARVEL COMICS,X-Men Age Of Krakoa Reign Of X Omnibus Volume 1 HC (Cover A Mahmud Asrar Book Market Variant),,,$125.00
MARVEL COMICS,X-Men Age Of Krakoa Reign Of X Omnibus Volume 1 HC (Cover B Leinil Francis Yu Direct Market Variant),,,$125.00
MARVEL COMICS,X-Men United #7 (Of 10)(Cover A Stefano Caselli),,,$4.99
MARVEL COMICS,X-Men United #7 (Of 10)(Cover B Alex Ross Timeless Full Art Variant),,,$4.99
MARVEL COMICS,X-Men United #7 (Of 10)(Cover C Annie Wu Muppets Variant),,,$4.99
MARVEL COMICS,X-Men United #7 (Of 10)(Cover D Alex Ross Timeless Full Art Sketch Variant),,,AR
MARVEL COMICS,X-Men United #7 (Of 10)(Cover E Ivan Shavrin),,,AR
ONI PRESS,Adventure Time Halloween Special #1 (Cover A Sean Dove),,,$7.99
ONI PRESS,Adventure Time Halloween Special #1 (Cover B Agustin Morales),,,$7.99
ONI PRESS,Adventure Time Halloween Special #1 (Cover C Violet Tobacco),,,$7.99
ONI PRESS,Adventure Time Halloween Special #1 (Cover D Adam Seats),,,AR
ONI PRESS,Archie New Riverdale TP (Oni Compact Comics Edition),,,$9.99
ONI PRESS,Mind MGMT New And Improved #4 (Cover A Matt Kindt),,,$4.99
ONI PRESS,Mind MGMT New And Improved #4 (Cover B Martin Morazzo),,,$4.99
ONI PRESS,Mind MGMT New And Improved #4 (Cover C Martin Morazzo Full Art Variant),,,AR
ONI PRESS,Mind MGMT New And Improved #4 (Cover D Matt Kindt 3-D Variant),,,AR
ONI PRESS,Mind MGMT New And Improved #4 (Cover E Patricia Martin),,,AR
ONI PRESS,Super Mondo Mega Mutts #3 (Cover A Juan Gedeon),,,$4.99
ONI PRESS,Super Mondo Mega Mutts #3 (Cover B Alex Diotto Homage Variant),,,$4.99
ONI PRESS,Super Mondo Mega Mutts #3 (Cover C Juan Jose Ryp),,,$4.99
ONI PRESS,Super Mondo Mega Mutts #3 (Cover D Juan Gedeon Lost Dog Variant),,,AR
ONI PRESS,Super Mondo Mega Mutts #3 (Cover E Juan Jose Ryp Full Art Variant),,,AR
ONI PRESS,Super Mondo Mega Mutts #3 (Cover F Juan Gedeon Bloody Black & White Variant),,,AR
ONI PRESS,Yuletide Curse Of The Winter Witch TP,,,$14.99
PENGUIN WORKSHOP,Chappell Roan A Who HQ Illustrated Biography HC,,,$8.99
PENGUIN WORKSHOP,Pope Leo XIV A Who HQ Illustrated Biography HC,,,$8.99
RANDOM HOUSE WORLDS,Baldur's Gate Volume 3 Astarion HC,,,$30.00
RANDOM HOUSE WORLDS,Star Wars Thrawn The Manga Volume 1 GN,,,$14.00
REBELLION PUBLISHING,2000 AD #2500,,,$8.99
ROCKETSHIP ENTERTAINMENT,Sanford Greene's 1000 Volume 1 HC,,,$29.99
ROCKETSHIP ENTERTAINMENT,Sanford Greene's 1000 Volume 1 TP,,,$19.99
ROCKETSHIP ENTERTAINMENT,Witch Creek Volume 1 TP,,,$19.99
SEVEN SEAS ENTERTAINMENT,Can You Kiss Me First Volume 1 GN,,,$15.99
SEVEN SEAS ENTERTAINMENT,I Ship My Rival x Me The Comic / Manhua Volume 5 GN,,,$21.99
SEVEN SEAS ENTERTAINMENT,Lord-Magear's Apprentice Volume 1 GN,,,$13.99
SHONEN JUMP,Black Torch Complete Box Set (Volumes 1-5),,,$59.95
SHP COMICS,B.O. Wolf #3 (Of 5),,,$5.99
SOURCE POINT PRESS,Write Or Wrong Volume 1 A Writer's Guide To Creating Comics SC (2nd Edition),,,$19.99
SQUARE ENIX MANGA,Otaku x Gal Volume 3 GN,,,$12.99
STORM KING PRODUCTIONS,John Carpenter's Tales For A HalloweeNight: Volume 11 More Twisted Tales Masterfully Crafted For Your Terror TP,,,$29.99
TITAN BOOKS,Memory Tree SC,,,$18.99
TITAN COMICS,Conan The Barbarian #35 (Cover A Gerardo Zaffino),,,$4.99
TITAN COMICS,Conan The Barbarian #35 (Cover B Nick Marinkovich),,,$4.99
TITAN COMICS,Conan The Barbarian #35 (Cover C Ashleigh Izienicki),,,$4.99
TITAN COMICS,Conan The Barbarian #35 (Cover D Benito Gallego),,,$4.99
TITAN COMICS,Conan The Barbarian #35 (Cover E Gerardo Zaffino Full Art Card Stock Variant),,,$6.99
TITAN COMICS,Conan The Barbarian #35 (Cover G Ashleigh Izienicki Full Art Card Stock Variant),,,$6.99
TITAN MANGA,Raven Dark Hero Volume 3 GN,,,$12.99
TITAN MERCHANDISE,Junji Ito Blood Bubble Enamel Pin Badge,,,$10.90
TITAN MERCHANDISE,Junji Ito Fuchi Enamel Pin Badge,,,$10.90
TITAN MERCHANDISE,Junji Ito Hell Doll Enamel Pin Badge,,,$10.90
TITAN MERCHANDISE,Junji Ito Soichis Convenient Curse Enamel Pin Badge,,,$10.90
TITAN MERCHANDISE,Junji Ito The Boy At The Crossroad Enamel Pin Badge,,,$10.90
TITAN MERCHANDISE,Wallace And Gromit Celebration Enamel Pin Badge,,,$10.90
TITAN MERCHANDISE,Wallace And Gromit Feathers Enamel Pin Badge,,,$10.90
TITAN MERCHANDISE,Wallace And Gromit Gromit Enamel Pin Badge,,,$10.90
TITAN MERCHANDISE,Wallace And Gromit Rocket Enamel Keychain,,,$10.90
TITAN MERCHANDISE,Wallace And Gromit Rocket Ship Enamel Pin Badge,,,$10.90
TITAN MERCHANDISE,Wallace And Gromit Shaun Enamel Pin Badge,,,$10.90
TITAN MERCHANDISE,Wallace And Gromit Wallace Enamel Pin Badge,,,$10.90
TOKYOPOP,Devil's In The Lunch Deals Volume 1 GN,,,$13.99
UDON ENTERTAINMENT,Blue Archive Comic Anthology Volume 3 TP,,,$13.99
UDON ENTERTAINMENT,Mega Man Gear Masters #1 (Of 5)(Cover D Blank Sketch Variant),,,$6.99
UDON ENTERTAINMENT,My Stepmom's Daughter Is My Ex Volume 3 GN,,,$14.99
VAULT COMICS,Money Shot The F* Offs #1 (Of 5)(2nd Printing Cover A Garth Graham),,,$3.99
VAULT COMICS,Money Shot The F* Offs #1 (Of 5)(2nd Printing Cover B Zulema Scoto),,,AR
VAULT COMICS,Money Shot The F* Offs #1 (Of 5)(2nd Printing Cover C Flaviano),,,AR
VAULT COMICS,Money Shot The F* Offs #1 (Of 5)(2nd Printing Cover D Luana Vecchio NSFW Black Bag Variant),,,$9.99
VAULT COMICS,Money Shot The F* Offs #2 (Of 5)(Cover A Garth Graham),,,$3.99
VAULT COMICS,Money Shot The F* Offs #2 (Of 5)(Cover B Flaviano Armentaro),,,AR
VAULT COMICS,Money Shot The F* Offs #2 (Of 5)(Cover C Zulema Scotto Full Art Variant),,,AR
VAULT COMICS,Money Shot The F* Offs #2 (Of 5)(Cover D Suspiria Full Art Variant),,,AR
VAULT COMICS,Money Shot The F* Offs #2 (Of 5)(Cover E Garth Graham NSFW Black Bag Full Art Variant),,,$9.99
VAULT COMICS,Money Shot The F* Offs #2 (Of 5)(Cover F Flaviano Arementaro NSFW Black Bag Full Art Variant),,,$9.99
VAULT COMICS,Money Shot The F* Offs #2 (Of 5)(Cover G Suspiria NSFW Black Bag Full Art Variant),,,$9.99
VAULT COMICS,Money Shot The F* Offs #2 (Of 5)(Cover H Luana Vecchio NSFW Black Bag Full Art Variant),,,$9.99
VAULT COMICS,Return Of The Runebound Professor Volume 1 TP,,,$19.99
VERTICAL COMICS,Dragon Head Volume 3 GN,,,$29.95
VERTICAL COMICS,Whoever You Are I Love You Volume 2 GN,,,$13.95
VIZ MEDIA,Pokemon Sun And Moon Complete Box Set,,,$70.00
WARRANT PUBLISHING COMPANY,Shudder Magazine #31,,,$6.99
WEBTOON UNSCROLLED,Daybreak Volume 3 GN,,,$18.99
YEN PRESS,How To Love A Loser Volume 2 GN,,,$13.00
YEN PRESS,Nomi x Shiba Volume 4 GN,,,$15.00
YEN PRESS,Succubus Meets Her Match Volume 1 GN,,,$14.00
ZENESCOPE ENTERTAINMENT,Grimm Fairy Tales 2026 Swimsuit Special (One Shot)(Cover A Igor Vitorino),,,$5.99
ZENESCOPE ENTERTAINMENT,Grimm Fairy Tales 2026 Swimsuit Special (One Shot)(Cover C Filippo Curzi),,,$5.99
ZENESCOPE ENTERTAINMENT,Grimm Fairy Tales Volume 3 #4 (Cover A Marco Santucci),,,$4.99
ZENESCOPE ENTERTAINMENT,Grimm Fairy Tales Volume 3 #4 (Cover B Igor Vitorino),,,$4.99
ZENESCOPE ENTERTAINMENT,Grimm Fairy Tales Volume 3 #4 (Cover C Filippo Curzi),,,$4.99
ZENESCOPE ENTERTAINMENT,Robyn Hood Shadow Target #1 (One Shot)(Cover A Marco Santucci),,,$5.99
ZENESCOPE ENTERTAINMENT,Robyn Hood Shadow Target #1 (One Shot)(Cover B Igor Vitorino),,,$5.99
ZENESCOPE ENTERTAINMENT,Robyn Hood Shadow Target #1 (One Shot)(Cover C Greg Land),,,$5.99
ZENESCOPE ENTERTAINMENT,Robyn Hood Shadow Target #1 (One Shot)(Cover D Derlis Santacruz),,,$5.99
